Watchtower ID,Postcode,Population Served,Watchtower Point of Contact Name,x,y
WT3106HTUYW,3106,2374,David Bryan,145.14493956217032,-37.74550312585378
WT3151ANFQX,3151,3424,Daniel Davis,145.16632131582105,-37.84908719684687
WT3953SGAEI,3953,1571,Ofelia Kadlec,145.77800174296402,-38.55984015166651